at,side,status,lotId,level,observedPriceSol,executionPriceSol,amountSol,tokens,eventIndex,eventId,signature,source,confidence,reason
2026-09-06T11:51:25.000Z,buy,filled,1,1,3.9139843659534156e-8,3.9139843659534156e-8,0.1,2554941.222296906,10,token-history-v1:7PW3NZJ9BQD93vCrBFHkhXZVdak4zv1FAVoEnfwBGRH8c1RuYqhw82U97Zsv62rrkaKG5u3D2a7aetra5RDCSVv:33LZGLLvtRDx3uAfJ1CcBSC7pNFqdiCBAvwPsVkBpump:pump-curve:sell:A6PSQFRfv93hoAn1LhQGRT2dYQtjDKX6SE2vN9MEvbot,7PW3NZJ9BQD93vCrBFHkhXZVdak4zv1FAVoEnfwBGRH8c1RuYqhw82U97Zsv62rrkaKG5u3D2a7aetra5RDCSVv,history:pump-curve,finalized,
2026-09-06T11:51:37.000Z,buy,filled,2,2,9.786950911085088e-8,9.786950911085088e-8,0.1,1021768.6888235646,12,token-history-v1:3DyhemkeQCco5hbyaZ7MBBK36MMuVFyvKb5mdMCy8cFnHMkPfBK2n9bdctovcJynCABrGgWCHPq3oPrmWwjU7ELA:33LZGLLvtRDx3uAfJ1CcBSC7pNFqdiCBAvwPsVkBpump:pump-curve:buy:5KRmP82UupYusCgGYTW7LypmmFtCFdfMgVbJP6rBFC9F,3DyhemkeQCco5hbyaZ7MBBK36MMuVFyvKb5mdMCy8cFnHMkPfBK2n9bdctovcJynCABrGgWCHPq3oPrmWwjU7ELA,history:pump-curve,finalized,
2026-09-06T11:51:37.000Z,sell,filled,1,1,9.27401598540886e-8,9.27401598540886e-8,0.23694565737361561,2554941.222296906,13,token-history-v1:3TP3UgM53jPDQsdC6bs9FbKaoFpS6nsdBMBL9shJCjD7TazTuQvZufsscbnd9rGatD99pawVszQRcM8VxkCVGmow:33LZGLLvtRDx3uAfJ1CcBSC7pNFqdiCBAvwPsVkBpump:pump-curve:buy:84qUkL8gXZTcqEtKjsYMdasVxRxVDQVZqaESS6PBpKHu,3TP3UgM53jPDQsdC6bs9FbKaoFpS6nsdBMBL9shJCjD7TazTuQvZufsscbnd9rGatD99pawVszQRcM8VxkCVGmow,history:pump-curve,finalized,
2026-09-06T11:51:42.000Z,sell,filled,2,2,1.5281936911717153e-7,1.5281936911717153e-7,0.15614604640969668,1021768.6888235646,15,token-history-v1:ukgZR98jZ1g1TUJRw5wrUtPWp41N2gkqYZdWK5tK2JEpb5hSxnwXTdtFY2zae9z2nFeHDEbhwkshpixFwe3BmoP:33LZGLLvtRDx3uAfJ1CcBSC7pNFqdiCBAvwPsVkBpump:pump-curve:buy:EidfFBXU1FVtEsvGTr6AuxYeDrTkPNkNaqtQrFKWMUsm,ukgZR98jZ1g1TUJRw5wrUtPWp41N2gkqYZdWK5tK2JEpb5hSxnwXTdtFY2zae9z2nFeHDEbhwkshpixFwe3BmoP,history:pump-curve,finalized,
2026-09-06T11:51:49.000Z,buy,filled,3,1,3.979997217306181e-7,3.979997217306181e-7,0.1,251256.45707783673,50,token-history-v1:2Jbv9NtN19GKrHnX6SL86Ghiho37Gh5GHYF2BbyPJpFTKhTSXC5h3vkCoia13x5mVZgSy5tzJff4c5vtncAtPoA8:33LZGLLvtRDx3uAfJ1CcBSC7pNFqdiCBAvwPsVkBpump:pumpswap:buy:7q2cDsu6s2wyZvsh4Yt6gdHKfxegh36MXdb1ufsHbT8v,2Jbv9NtN19GKrHnX6SL86Ghiho37Gh5GHYF2BbyPJpFTKhTSXC5h3vkCoia13x5mVZgSy5tzJff4c5vtncAtPoA8,history:pumpswap,finalized,
2026-09-06T11:51:54.000Z,sell,filled,3,1,5.88511221343523e-7,5.88511221343523e-7,0.14786724442532417,251256.45707783673,114,token-history-v1:3MEcx4zAzKEg6ZHtnbW8NyyCCinJ7kXGt8eXmrxGt2XyXhtQENs5TkKqKES8D43Z1Xzp1i29DG91kYPQo5f3h9Hj:33LZGLLvtRDx3uAfJ1CcBSC7pNFqdiCBAvwPsVkBpump:pumpswap:buy:2PD7zu5kZajKB71zNfdb8YtazfAkUAGD5YxWR1s6CxZW,3MEcx4zAzKEg6ZHtnbW8NyyCCinJ7kXGt8eXmrxGt2XyXhtQENs5TkKqKES8D43Z1Xzp1i29DG91kYPQo5f3h9Hj,history:pumpswap,finalized,
2026-09-06T11:51:58.000Z,buy,filled,4,1,5.424273821302109e-7,5.424273821302109e-7,0.1,184356.47479167042,222,token-history-v1:3LJYEdUBorGM1Kad6g9kGtu83DW19jL1nCdrWmdVfg81x9gdyX2ocumfBR2BRtMjYgjWWg62QFhYLzF2BVbFGrjg:33LZGLLvtRDx3uAfJ1CcBSC7pNFqdiCBAvwPsVkBpump:pumpswap:sell:5gypw64hTP1AV7RjvECBqj5jZrW3oRjngvEitjfuFFkA,3LJYEdUBorGM1Kad6g9kGtu83DW19jL1nCdrWmdVfg81x9gdyX2ocumfBR2BRtMjYgjWWg62QFhYLzF2BVbFGrjg,history:pumpswap,finalized,
2026-09-06T11:52:00.000Z,sell,filled,4,1,8.049605597387956e-7,8.049605597387956e-7,0.1483996911397742,184356.47479167042,277,token-history-v1:5Gp5w5wycpgDgPAoS6WNNLy4Ne3YymnkKftnJvFs2ws2YXTtpTDL1rDuQquRNKrwLxKFE1CLHycUvb3sVNf5mTQ7:33LZGLLvtRDx3uAfJ1CcBSC7pNFqdiCBAvwPsVkBpump:pumpswap:buy:5dWPVCg9juWc26x7KAhr9eQfkL3YTDu41H7xyoxse4wJ,5Gp5w5wycpgDgPAoS6WNNLy4Ne3YymnkKftnJvFs2ws2YXTtpTDL1rDuQquRNKrwLxKFE1CLHycUvb3sVNf5mTQ7,history:pumpswap,finalized,
2026-09-06T11:52:02.000Z,buy,filled,5,1,8.54842392406582e-7,8.54842392406582e-7,0.1,116980.62811143062,306,token-history-v1:123hbHbVGX3Y2wDBDT33gXM7StP5B9Ah8AZPZPqiYiTFG8gcoiExpqwxCcnp1NYHokDjtEfc8RXAymXrjtARoFgr:33LZGLLvtRDx3uAfJ1CcBSC7pNFqdiCBAvwPsVkBpump:pumpswap:sell:84qUkL8gXZTcqEtKjsYMdasVxRxVDQVZqaESS6PBpKHu,123hbHbVGX3Y2wDBDT33gXM7StP5B9Ah8AZPZPqiYiTFG8gcoiExpqwxCcnp1NYHokDjtEfc8RXAymXrjtARoFgr,history:pumpswap,finalized,
2026-09-06T11:52:05.000Z,buy,filled,6,1,8.273829051045668e-7,8.273829051045668e-7,0.1,120863.0241005061,391,token-history-v1:4JYgnqYkrEtU41UM4kwF1WvP3hSnVEP4zcexXzdZCBrzbypub2i9z1Fi96oELG8TLtdmn6epXpHVbrYojh1K8pYg:33LZGLLvtRDx3uAfJ1CcBSC7pNFqdiCBAvwPsVkBpump:pumpswap:buy:g5HcBNwSo2GyeKwdsgLzCrmqeB3KeihLd87nS79kDaG,4JYgnqYkrEtU41UM4kwF1WvP3hSnVEP4zcexXzdZCBrzbypub2i9z1Fi96oELG8TLtdmn6epXpHVbrYojh1K8pYg,history:pumpswap,finalized,
2026-09-06T11:52:08.000Z,sell,filled,6,1,0.0000010695247633079429,0.0000010695247633079429,0.12926599724377597,120863.0241005061,475,token-history-v1:3KNKCVqqcaCLvbNYBe9j28GvWsVtTuMrJ3R7XxqJR1fygKqcpvzp9P6g4LwKhAuUaTX6ecjrwGAiBCxTBAYG9QcN:33LZGLLvtRDx3uAfJ1CcBSC7pNFqdiCBAvwPsVkBpump:pumpswap:buy:9VaYTNCRSQUPa2UzmN92LZ1joR9gSN1rqeEMwTP7dHT4,3KNKCVqqcaCLvbNYBe9j28GvWsVtTuMrJ3R7XxqJR1fygKqcpvzp9P6g4LwKhAuUaTX6ecjrwGAiBCxTBAYG9QcN,history:pumpswap,finalized,
2026-09-06T11:52:08.000Z,sell,filled,5,1,0.0000012776027248309518,0.0000012776027248309518,0.1494547692276,116980.62811143062,477,token-history-v1:4yv7dQwNVg9vTaywVgY2PKMWLe12c2pnZZ2A1RpeZ9AM48JLw2bR7kRyAjxntneEZAk5hL8wog6A8AGHDVom6ztt:33LZGLLvtRDx3uAfJ1CcBSC7pNFqdiCBAvwPsVkBpump:pumpswap:buy:EBNpfTHHU3bJdxHA3ktiKs2MUA66UwEFsmhNGDJbkaPb,4yv7dQwNVg9vTaywVgY2PKMWLe12c2pnZZ2A1RpeZ9AM48JLw2bR7kRyAjxntneEZAk5hL8wog6A8AGHDVom6ztt,history:pumpswap,finalized,
2026-09-06T11:52:09.000Z,buy,filled,7,1,0.0000010938301689566483,0.0000010938301689566483,0.1,91421.8704494,518,token-history-v1:2uFf9Kq8NjmQttUUddiS5FR437zro8e81QYDNUooU7G89ZDWQG34xLgsf6u2TKvWy9GeMcmVT88tGjjf8TQHsxqw:33LZGLLvtRDx3uAfJ1CcBSC7pNFqdiCBAvwPsVkBpump:pumpswap:buy:BTgs6yBFMXhJQPpMYgGAdswtcn9zoLHyD1iHsS14tBxV,2uFf9Kq8NjmQttUUddiS5FR437zro8e81QYDNUooU7G89ZDWQG34xLgsf6u2TKvWy9GeMcmVT88tGjjf8TQHsxqw,history:pumpswap,finalized,
2026-09-06T11:52:10.000Z,buy,filled,8,4,0.0000011472886714606304,0.0000011472886714606304,0.1,87162.021632,541,token-history-v1:4pZGaUfWQ3kRjLiuD76f5dGJNLbz1GBDmtRFu92fTtkqKux8JK18zd7QxFd4LJnCuo7LdiFY9EBK3dGhikuZijqN:33LZGLLvtRDx3uAfJ1CcBSC7pNFqdiCBAvwPsVkBpump:pumpswap:buy:HKvCUeX2LAu1dMbYYsUtvMnHpwLCivsi2Zg5sFk5Kqmg,4pZGaUfWQ3kRjLiuD76f5dGJNLbz1GBDmtRFu92fTtkqKux8JK18zd7QxFd4LJnCuo7LdiFY9EBK3dGhikuZijqN,history:pumpswap,finalized,
2026-09-06T11:52:10.000Z,buy,filled,9,3,0.0000011472886714606304,0.0000011472886714606304,0.1,87162.021632,541,token-history-v1:4pZGaUfWQ3kRjLiuD76f5dGJNLbz1GBDmtRFu92fTtkqKux8JK18zd7QxFd4LJnCuo7LdiFY9EBK3dGhikuZijqN:33LZGLLvtRDx3uAfJ1CcBSC7pNFqdiCBAvwPsVkBpump:pumpswap:buy:HKvCUeX2LAu1dMbYYsUtvMnHpwLCivsi2Zg5sFk5Kqmg,4pZGaUfWQ3kRjLiuD76f5dGJNLbz1GBDmtRFu92fTtkqKux8JK18zd7QxFd4LJnCuo7LdiFY9EBK3dGhikuZijqN,history:pumpswap,finalized,
2026-09-06T11:52:10.000Z,buy,filled,10,2,0.0000011472886714606304,0.0000011472886714606304,0.1,87162.021632,541,token-history-v1:4pZGaUfWQ3kRjLiuD76f5dGJNLbz1GBDmtRFu92fTtkqKux8JK18zd7QxFd4LJnCuo7LdiFY9EBK3dGhikuZijqN:33LZGLLvtRDx3uAfJ1CcBSC7pNFqdiCBAvwPsVkBpump:pumpswap:buy:HKvCUeX2LAu1dMbYYsUtvMnHpwLCivsi2Zg5sFk5Kqmg,4pZGaUfWQ3kRjLiuD76f5dGJNLbz1GBDmtRFu92fTtkqKux8JK18zd7QxFd4LJnCuo7LdiFY9EBK3dGhikuZijqN,history:pumpswap,finalized,
2026-09-06T11:52:12.000Z,sell,filled,7,1,0.0000014472401079789308,0.0000014472401079789308,0.13230939766082547,91421.8704494,654,token-history-v1:4cub5Z3jEdbHckZUzbc9GJMG1JGXHAyySxPbvdMPe2LVk8GJuC8N3QqgSPKtk7ZAajnsqpKVP9mzLrsjTNfx1VWF:33LZGLLvtRDx3uAfJ1CcBSC7pNFqdiCBAvwPsVkBpump:pumpswap:sell:5wg4RMZZ763YCoB9dkDjYpZ9ApUrh66uHbKNtX9ry2qR,4cub5Z3jEdbHckZUzbc9GJMG1JGXHAyySxPbvdMPe2LVk8GJuC8N3QqgSPKtk7ZAajnsqpKVP9mzLrsjTNfx1VWF,history:pumpswap,finalized,
2026-09-06T11:52:13.000Z,sell,filled,10,2,0.000001632278922012166,0.000001632278922012166,0.14227273070988206,87162.021632,666,token-history-v1:3iwDGsS4qstgJLBZLghCbQ5kmgUccoXj4YNdGCkowGmKm4wyiaDX5hKsCUabAgS4Vh61MGEZj1fQKeuPt129Gvab:33LZGLLvtRDx3uAfJ1CcBSC7pNFqdiCBAvwPsVkBpump:pumpswap:buy:9UHiT5MgGYQKT4fPnkAA9wveq6oeK9czeNe9tny6ysPX,3iwDGsS4qstgJLBZLghCbQ5kmgUccoXj4YNdGCkowGmKm4wyiaDX5hKsCUabAgS4Vh61MGEZj1fQKeuPt129Gvab,history:pumpswap,finalized,
2026-09-06T11:52:13.000Z,sell,filled,9,3,0.000001632278922012166,0.000001632278922012166,0.14227273070988206,87162.021632,666,token-history-v1:3iwDGsS4qstgJLBZLghCbQ5kmgUccoXj4YNdGCkowGmKm4wyiaDX5hKsCUabAgS4Vh61MGEZj1fQKeuPt129Gvab:33LZGLLvtRDx3uAfJ1CcBSC7pNFqdiCBAvwPsVkBpump:pumpswap:buy:9UHiT5MgGYQKT4fPnkAA9wveq6oeK9czeNe9tny6ysPX,3iwDGsS4qstgJLBZLghCbQ5kmgUccoXj4YNdGCkowGmKm4wyiaDX5hKsCUabAgS4Vh61MGEZj1fQKeuPt129Gvab,history:pumpswap,finalized,
2026-09-06T11:52:13.000Z,sell,filled,8,4,0.000001632278922012166,0.000001632278922012166,0.14227273070988206,87162.021632,666,token-history-v1:3iwDGsS4qstgJLBZLghCbQ5kmgUccoXj4YNdGCkowGmKm4wyiaDX5hKsCUabAgS4Vh61MGEZj1fQKeuPt129Gvab:33LZGLLvtRDx3uAfJ1CcBSC7pNFqdiCBAvwPsVkBpump:pumpswap:buy:9UHiT5MgGYQKT4fPnkAA9wveq6oeK9czeNe9tny6ysPX,3iwDGsS4qstgJLBZLghCbQ5kmgUccoXj4YNdGCkowGmKm4wyiaDX5hKsCUabAgS4Vh61MGEZj1fQKeuPt129Gvab,history:pumpswap,finalized,
2026-09-06T11:52:13.000Z,buy,filled,11,1,0.0000013935042962638412,0.0000013935042962638412,0.1,71761.52974060609,693,token-history-v1:5Y4yht3Et6R5ADZhtdktGPo7CB3fLHJVUeF1p9zCSfN67LN5sbSZcGK9a9dkmBNc5ST81KccTa8GKUmV6upFEY9U:33LZGLLvtRDx3uAfJ1CcBSC7pNFqdiCBAvwPsVkBpump:pumpswap:buy:2iRAcwuoZc2vVEuTSNGxueRi8dPS93A3xaSSczmouWh9,5Y4yht3Et6R5ADZhtdktGPo7CB3fLHJVUeF1p9zCSfN67LN5sbSZcGK9a9dkmBNc5ST81KccTa8GKUmV6upFEY9U,history:pumpswap,finalized,
2026-09-06T11:52:14.000Z,buy,filled,12,1,0.0000016836305089406256,0.0000016836305089406256,0.1,59395.454922542376,737,token-history-v1:2WWZZFZpgDN2vrsoZKYD7mDXyZuhDcpMvPUF3ac85mLqrf2bAJJhkEJjPQHe6q8QgyhrJUr1cj517TSuqprzBBEv:33LZGLLvtRDx3uAfJ1CcBSC7pNFqdiCBAvwPsVkBpump:pumpswap:buy:3ct4z3q2XHEGTb4Noe3Wh5iySA8e5UZawUXkWAnkfh5J,2WWZZFZpgDN2vrsoZKYD7mDXyZuhDcpMvPUF3ac85mLqrf2bAJJhkEJjPQHe6q8QgyhrJUr1cj517TSuqprzBBEv,history:pumpswap,finalized,
2026-09-06T11:52:14.000Z,sell,filled,12,1,0.0000015224249446529136,0.0000015224249446529136,0.09042512217308621,59395.454922542376,748,token-history-v1:3JiDQwMZueifjLgz5kVdUFnaLUksDksZmNxvv5VQTfDBdEPpx8orXA7g6DARsG1wXxYy25MUbdkckjoCevTP6UmM:33LZGLLvtRDx3uAfJ1CcBSC7pNFqdiCBAvwPsVkBpump:pumpswap:sell:HGej7MtEWfa5eMVYkzbqZsSCUZY5QhdEbbBjRCsxsDnJ,3JiDQwMZueifjLgz5kVdUFnaLUksDksZmNxvv5VQTfDBdEPpx8orXA7g6DARsG1wXxYy25MUbdkckjoCevTP6UmM,history:pumpswap,finalized,
2026-09-06T11:52:14.000Z,sell,filled,11,1,0.0000015224249446529136,0.0000015224249446529136,0.10925154294355063,71761.52974060609,748,token-history-v1:3JiDQwMZueifjLgz5kVdUFnaLUksDksZmNxvv5VQTfDBdEPpx8orXA7g6DARsG1wXxYy25MUbdkckjoCevTP6UmM:33LZGLLvtRDx3uAfJ1CcBSC7pNFqdiCBAvwPsVkBpump:pumpswap:sell:HGej7MtEWfa5eMVYkzbqZsSCUZY5QhdEbbBjRCsxsDnJ,3JiDQwMZueifjLgz5kVdUFnaLUksDksZmNxvv5VQTfDBdEPpx8orXA7g6DARsG1wXxYy25MUbdkckjoCevTP6UmM,history:pumpswap,finalized,
2026-09-06T11:52:14.000Z,buy,filled,13,2,0.0000017409080756149301,0.0000017409080756149301,0.1,57441.286763333344,749,token-history-v1:3jN9Q7Sw8vPT5xJhCfBE6jELGdNaEMyoogNJjYh6swpJGvxRM1sjn4bhpS6uZfwkSABL5HQRNrbREttPaaopoioq:33LZGLLvtRDx3uAfJ1CcBSC7pNFqdiCBAvwPsVkBpump:pumpswap:buy:EtxJNnGKM7u75JVCNaarhvWFzP9EMMAXkA6htE8oNvZQ,3jN9Q7Sw8vPT5xJhCfBE6jELGdNaEMyoogNJjYh6swpJGvxRM1sjn4bhpS6uZfwkSABL5HQRNrbREttPaaopoioq,history:pumpswap,finalized,
2026-09-06T11:52:14.000Z,buy,filled,14,1,0.0000017409080756149301,0.0000017409080756149301,0.1,57441.286763333344,749,token-history-v1:3jN9Q7Sw8vPT5xJhCfBE6jELGdNaEMyoogNJjYh6swpJGvxRM1sjn4bhpS6uZfwkSABL5HQRNrbREttPaaopoioq:33LZGLLvtRDx3uAfJ1CcBSC7pNFqdiCBAvwPsVkBpump:pumpswap:buy:EtxJNnGKM7u75JVCNaarhvWFzP9EMMAXkA6htE8oNvZQ,3jN9Q7Sw8vPT5xJhCfBE6jELGdNaEMyoogNJjYh6swpJGvxRM1sjn4bhpS6uZfwkSABL5HQRNrbREttPaaopoioq,history:pumpswap,finalized,
2026-09-06T11:52:15.000Z,sell,filled,14,1,0.000002354454020941018,0.000002354454020941018,0.13524286858795628,57441.286763333344,823,token-history-v1:4MA58ug1oFToniyG1hgAfR3B85eUEqKj3BMZuM3ZhSUfuRu7ZK7FFxWa2oSVi2dddCudd7PCh9wETNVLEyK9WHmD:33LZGLLvtRDx3uAfJ1CcBSC7pNFqdiCBAvwPsVkBpump:pumpswap:buy:HxwZ6W5C1Qxxvpdy9ARgdKCjAfDFzZ1QkF3b7nETgyST,4MA58ug1oFToniyG1hgAfR3B85eUEqKj3BMZuM3ZhSUfuRu7ZK7FFxWa2oSVi2dddCudd7PCh9wETNVLEyK9WHmD,history:pumpswap,finalized,
2026-09-06T11:52:15.000Z,sell,filled,13,2,0.000002354454020941018,0.000002354454020941018,0.13524286858795628,57441.286763333344,823,token-history-v1:4MA58ug1oFToniyG1hgAfR3B85eUEqKj3BMZuM3ZhSUfuRu7ZK7FFxWa2oSVi2dddCudd7PCh9wETNVLEyK9WHmD:33LZGLLvtRDx3uAfJ1CcBSC7pNFqdiCBAvwPsVkBpump:pumpswap:buy:HxwZ6W5C1Qxxvpdy9ARgdKCjAfDFzZ1QkF3b7nETgyST,4MA58ug1oFToniyG1hgAfR3B85eUEqKj3BMZuM3ZhSUfuRu7ZK7FFxWa2oSVi2dddCudd7PCh9wETNVLEyK9WHmD,history:pumpswap,finalized,
2026-09-06T11:52:16.000Z,buy,filled,15,1,0.000002250782278412439,0.000002250782278412439,0.1,44428.997401976056,925,token-history-v1:4ZSBFUyFsmCKCxCBZi8WZvejSwPtnHQMv7vCP8jhbUexXSiP832wcbToYhNWT73bogZUGbEKLmMLaUdrLkkWCknb:33LZGLLvtRDx3uAfJ1CcBSC7pNFqdiCBAvwPsVkBpump:pumpswap:buy:g5HcBNwSo2GyeKwdsgLzCrmqeB3KeihLd87nS79kDaG,4ZSBFUyFsmCKCxCBZi8WZvejSwPtnHQMv7vCP8jhbUexXSiP832wcbToYhNWT73bogZUGbEKLmMLaUdrLkkWCknb,history:pumpswap,finalized,
2026-09-06T11:52:16.000Z,buy,filled,16,1,0.0000024194048525453303,0.0000024194048525453303,0.1,41332.4788924,987,token-history-v1:DSCrahcz2v1PDY2GM1E1YtciQWETULNog66dv4EQ8ZTpUqQi613fUWHwMbPDrsdPPcmWnoTh5Pb4rseGu1ZE55F:33LZGLLvtRDx3uAfJ1CcBSC7pNFqdiCBAvwPsVkBpump:pumpswap:buy:7jGhmzxYKP2oJvjSaUuTZqeww6JDvszAFQvwhn8vznZX,DSCrahcz2v1PDY2GM1E1YtciQWETULNog66dv4EQ8ZTpUqQi613fUWHwMbPDrsdPPcmWnoTh5Pb4rseGu1ZE55F,history:pumpswap,finalized,
2026-09-06T11:52:19.000Z,sell,filled,15,1,0.0000023452813988583064,0.0000023452813988583064,0.10419850117677847,44428.997401976056,1066,token-history-v1:2goDRgsaSeJYpbsCUjM7rBWZCJALe5hyb1BDGtRuxLjvEFp9ujhhWykgXSFmVw1j9Gg5z4FpGugjUbYdiUqwoSS7:33LZGLLvtRDx3uAfJ1CcBSC7pNFqdiCBAvwPsVkBpump:pumpswap:sell:HKvCUeX2LAu1dMbYYsUtvMnHpwLCivsi2Zg5sFk5Kqmg,2goDRgsaSeJYpbsCUjM7rBWZCJALe5hyb1BDGtRuxLjvEFp9ujhhWykgXSFmVw1j9Gg5z4FpGugjUbYdiUqwoSS7,history:pumpswap,finalized,
2026-09-06T11:52:19.000Z,buy,filled,17,1,0.0000023314946375151993,0.0000023314946375151993,0.1,42890.941454866675,1067,token-history-v1:2JKR7C7F5fEM2wra4Em7C77uZaYTWBFno1cmcP5RUTqYG4NMgg3Yp9nuRM6isg8AxNnMi4MGdchyKgYjMQqWTMCa:33LZGLLvtRDx3uAfJ1CcBSC7pNFqdiCBAvwPsVkBpump:pumpswap:buy:2L7ZUMtN86NBfZUqfxTZArUuxGdchzxtKxfwhvWHhanQ,2JKR7C7F5fEM2wra4Em7C77uZaYTWBFno1cmcP5RUTqYG4NMgg3Yp9nuRM6isg8AxNnMi4MGdchyKgYjMQqWTMCa,history:pumpswap,finalized,
2026-09-06T11:52:19.000Z,sell,filled,17,1,0.0000030729982656569545,0.0000030729982656569545,0.13180378870319925,42890.941454866675,1074,token-history-v1:3sqg6XgPnDZgMUKibyctsGnE4KCsCxkTrTmdET5fhVtYZi9oq6NxtUmXNwLhg5Q9X3Mm12tZcXACa9EeFGV8wvoA:33LZGLLvtRDx3uAfJ1CcBSC7pNFqdiCBAvwPsVkBpump:pumpswap:sell:HEpgwp58PLD7HnCZza1CuiNmaSMtKafRCtNFG7WbvVws,3sqg6XgPnDZgMUKibyctsGnE4KCsCxkTrTmdET5fhVtYZi9oq6NxtUmXNwLhg5Q9X3Mm12tZcXACa9EeFGV8wvoA,history:pumpswap,finalized,
2026-09-06T11:52:19.000Z,buy,filled,18,1,0.000003430584269334658,0.000003430584269334658,0.1,29149.553588839382,1078,token-history-v1:5xZ9wfnj2KpYsA9tzEBbYy7Mf1wG24n5bsHzXwa6oA2yYUWbtWLsXJkvWDj8gyjQ4xikX91Gdy6DpF9qBzv5c5VG:33LZGLLvtRDx3uAfJ1CcBSC7pNFqdiCBAvwPsVkBpump:pumpswap:sell:2t2nCWwqqRGXiC3FJ2Ma76m2SyzpKQXb42CJUzr47sEY,5xZ9wfnj2KpYsA9tzEBbYy7Mf1wG24n5bsHzXwa6oA2yYUWbtWLsXJkvWDj8gyjQ4xikX91Gdy6DpF9qBzv5c5VG,history:pumpswap,finalized,
2026-09-06T11:52:19.000Z,sell,filled,16,1,0.000003214465447927643,0.000003214465447927643,0.13286182527681842,41332.4788924,1079,token-history-v1:61jDnS1osiudmVfKQ2DT5wnXF95G3YCqc9D5K9YuzpPuhLKuexaURagup8zo6kD6sjcMk5SN2GPHW76mKb9p4Zf7:33LZGLLvtRDx3uAfJ1CcBSC7pNFqdiCBAvwPsVkBpump:pumpswap:buy:Bfh4a8d6wEhw4TretFvoBXUwM8UKp8tLs5Bdvy7kckE6,61jDnS1osiudmVfKQ2DT5wnXF95G3YCqc9D5K9YuzpPuhLKuexaURagup8zo6kD6sjcMk5SN2GPHW76mKb9p4Zf7,history:pumpswap,finalized,
2026-09-06T11:52:19.000Z,buy,filled,19,1,0.0000030366215088479236,0.0000030366215088479236,0.1,32931.33494201568,1081,token-history-v1:24WNoSpDJytHgTL1QhVxmXxe9aPfu77cFm5uorCAuzG6ejYDVzMK1dHHk3gzhpHKyHEGy3CrAJguGP2RUS9g8Tzm:33LZGLLvtRDx3uAfJ1CcBSC7pNFqdiCBAvwPsVkBpump:pumpswap:sell:6h4NZrTxWczr6Q6kSfEoUxzDDv6f25ohf1XaXrkUxy4v,24WNoSpDJytHgTL1QhVxmXxe9aPfu77cFm5uorCAuzG6ejYDVzMK1dHHk3gzhpHKyHEGy3CrAJguGP2RUS9g8Tzm,history:pumpswap,finalized,
2026-09-06T11:52:19.000Z,buy,filled,20,4,0.000002647555314188928,0.000002647555314188928,0.1,37770.693388,1109,token-history-v1:36hshu7baxSsWkvJ55Eb7qo2ZP2YiNKPy5D5McbmaorTrRZXMyJsmKDKQgqVjLDZQZCfch59PrAAf5GxLvUAM1ti:33LZGLLvtRDx3uAfJ1CcBSC7pNFqdiCBAvwPsVkBpump:pumpswap:buy:H9ZZzCzi2cw8XkCVn1CM2eCpSh2SxXz9jQY9kCyLYqKS,36hshu7baxSsWkvJ55Eb7qo2ZP2YiNKPy5D5McbmaorTrRZXMyJsmKDKQgqVjLDZQZCfch59PrAAf5GxLvUAM1ti,history:pumpswap,finalized,
2026-09-06T11:52:19.000Z,buy,filled,21,3,0.000002647555314188928,0.000002647555314188928,0.1,37770.693388,1109,token-history-v1:36hshu7baxSsWkvJ55Eb7qo2ZP2YiNKPy5D5McbmaorTrRZXMyJsmKDKQgqVjLDZQZCfch59PrAAf5GxLvUAM1ti:33LZGLLvtRDx3uAfJ1CcBSC7pNFqdiCBAvwPsVkBpump:pumpswap:buy:H9ZZzCzi2cw8XkCVn1CM2eCpSh2SxXz9jQY9kCyLYqKS,36hshu7baxSsWkvJ55Eb7qo2ZP2YiNKPy5D5McbmaorTrRZXMyJsmKDKQgqVjLDZQZCfch59PrAAf5GxLvUAM1ti,history:pumpswap,finalized,
2026-09-06T11:52:19.000Z,buy,filled,22,2,0.000002647555314188928,0.000002647555314188928,0.1,37770.693388,1109,token-history-v1:36hshu7baxSsWkvJ55Eb7qo2ZP2YiNKPy5D5McbmaorTrRZXMyJsmKDKQgqVjLDZQZCfch59PrAAf5GxLvUAM1ti:33LZGLLvtRDx3uAfJ1CcBSC7pNFqdiCBAvwPsVkBpump:pumpswap:buy:H9ZZzCzi2cw8XkCVn1CM2eCpSh2SxXz9jQY9kCyLYqKS,36hshu7baxSsWkvJ55Eb7qo2ZP2YiNKPy5D5McbmaorTrRZXMyJsmKDKQgqVjLDZQZCfch59PrAAf5GxLvUAM1ti,history:pumpswap,finalized,
2026-09-06T11:52:26.000Z,sell,filled,22,2,0.0000025734941645156097,0.0000025734941645156097,0.09720265902372632,37770.693388,1591,token-history-v1:3pcZKBvXEgoKVnm9TsqS2a7JPrJRqyGEiJsCTeegsUGjT2ss88urAZk7wyfPKEViDcGBHY5txF9pfeGYbuEdbjo2:33LZGLLvtRDx3uAfJ1CcBSC7pNFqdiCBAvwPsVkBpump:pumpswap:buy:F6yCSyj2jz2tnsF5xvF3QaGtKhGyUPjv1P5HkhMM6E3W,3pcZKBvXEgoKVnm9TsqS2a7JPrJRqyGEiJsCTeegsUGjT2ss88urAZk7wyfPKEViDcGBHY5txF9pfeGYbuEdbjo2,history:pumpswap,finalized,
2026-09-06T11:52:26.000Z,sell,filled,21,3,0.0000025734941645156097,0.0000025734941645156097,0.09720265902372632,37770.693388,1591,token-history-v1:3pcZKBvXEgoKVnm9TsqS2a7JPrJRqyGEiJsCTeegsUGjT2ss88urAZk7wyfPKEViDcGBHY5txF9pfeGYbuEdbjo2:33LZGLLvtRDx3uAfJ1CcBSC7pNFqdiCBAvwPsVkBpump:pumpswap:buy:F6yCSyj2jz2tnsF5xvF3QaGtKhGyUPjv1P5HkhMM6E3W,3pcZKBvXEgoKVnm9TsqS2a7JPrJRqyGEiJsCTeegsUGjT2ss88urAZk7wyfPKEViDcGBHY5txF9pfeGYbuEdbjo2,history:pumpswap,finalized,
2026-09-06T11:52:26.000Z,sell,filled,20,4,0.0000025734941645156097,0.0000025734941645156097,0.09720265902372632,37770.693388,1591,token-history-v1:3pcZKBvXEgoKVnm9TsqS2a7JPrJRqyGEiJsCTeegsUGjT2ss88urAZk7wyfPKEViDcGBHY5txF9pfeGYbuEdbjo2:33LZGLLvtRDx3uAfJ1CcBSC7pNFqdiCBAvwPsVkBpump:pumpswap:buy:F6yCSyj2jz2tnsF5xvF3QaGtKhGyUPjv1P5HkhMM6E3W,3pcZKBvXEgoKVnm9TsqS2a7JPrJRqyGEiJsCTeegsUGjT2ss88urAZk7wyfPKEViDcGBHY5txF9pfeGYbuEdbjo2,history:pumpswap,finalized,
2026-09-06T11:52:26.000Z,sell,filled,19,1,0.0000025734941645156097,0.0000025734941645156097,0.08474859830298635,32931.33494201568,1591,token-history-v1:3pcZKBvXEgoKVnm9TsqS2a7JPrJRqyGEiJsCTeegsUGjT2ss88urAZk7wyfPKEViDcGBHY5txF9pfeGYbuEdbjo2:33LZGLLvtRDx3uAfJ1CcBSC7pNFqdiCBAvwPsVkBpump:pumpswap:buy:F6yCSyj2jz2tnsF5xvF3QaGtKhGyUPjv1P5HkhMM6E3W,3pcZKBvXEgoKVnm9TsqS2a7JPrJRqyGEiJsCTeegsUGjT2ss88urAZk7wyfPKEViDcGBHY5txF9pfeGYbuEdbjo2,history:pumpswap,finalized,
2026-09-06T11:52:26.000Z,sell,filled,18,1,0.0000025734941645156097,0.0000025734941645156097,0.0750162060591132,29149.553588839382,1591,token-history-v1:3pcZKBvXEgoKVnm9TsqS2a7JPrJRqyGEiJsCTeegsUGjT2ss88urAZk7wyfPKEViDcGBHY5txF9pfeGYbuEdbjo2:33LZGLLvtRDx3uAfJ1CcBSC7pNFqdiCBAvwPsVkBpump:pumpswap:buy:F6yCSyj2jz2tnsF5xvF3QaGtKhGyUPjv1P5HkhMM6E3W,3pcZKBvXEgoKVnm9TsqS2a7JPrJRqyGEiJsCTeegsUGjT2ss88urAZk7wyfPKEViDcGBHY5txF9pfeGYbuEdbjo2,history:pumpswap,finalized,
2026-09-06T11:52:26.000Z,buy,filled,23,2,0.0000025717875437412554,0.0000025717875437412554,0.1,38883.4607444,1592,token-history-v1:3Vr27URRvq3RUXe3fvStL4NG8h4fwyHx9LoXb1rq5p9SQTeCxRVt88ERQMvWpVKdAmrR8DBJUGcBiCw4FMnv85by:33LZGLLvtRDx3uAfJ1CcBSC7pNFqdiCBAvwPsVkBpump:pumpswap:buy:7PEGXoeq5EF37HLt2XERzKD2RaZyVh2zh5dgAE8NsLmP,3Vr27URRvq3RUXe3fvStL4NG8h4fwyHx9LoXb1rq5p9SQTeCxRVt88ERQMvWpVKdAmrR8DBJUGcBiCw4FMnv85by,history:pumpswap,finalized,
2026-09-06T11:52:26.000Z,buy,filled,24,1,0.0000025717875437412554,0.0000025717875437412554,0.1,38883.4607444,1592,token-history-v1:3Vr27URRvq3RUXe3fvStL4NG8h4fwyHx9LoXb1rq5p9SQTeCxRVt88ERQMvWpVKdAmrR8DBJUGcBiCw4FMnv85by:33LZGLLvtRDx3uAfJ1CcBSC7pNFqdiCBAvwPsVkBpump:pumpswap:buy:7PEGXoeq5EF37HLt2XERzKD2RaZyVh2zh5dgAE8NsLmP,3Vr27URRvq3RUXe3fvStL4NG8h4fwyHx9LoXb1rq5p9SQTeCxRVt88ERQMvWpVKdAmrR8DBJUGcBiCw4FMnv85by,history:pumpswap,finalized,
2026-09-06T11:52:30.000Z,buy,filled,25,3,0.0000023130661635345296,0.0000023130661635345296,0.1,43232.65870060236,1785,token-history-v1:39Fy591DhEHUyDmHPLEW8NE1bW1dgcUZDfwomYmX4Ar2GjVkzepPqDkyXroUXkXpfzAhDgRufS5Gtn96aBnpCKpM:33LZGLLvtRDx3uAfJ1CcBSC7pNFqdiCBAvwPsVkBpump:pumpswap:buy:76UUHG4bNE3XEuK5tskGMqo4jBynF1gjoeRiCDeZotfK,39Fy591DhEHUyDmHPLEW8NE1bW1dgcUZDfwomYmX4Ar2GjVkzepPqDkyXroUXkXpfzAhDgRufS5Gtn96aBnpCKpM,history:pumpswap,finalized,
2026-09-06T11:52:31.000Z,buy,filled,26,4,0.0000018683844857329788,0.0000018683844857329788,0.1,53522.17424390001,1916,token-history-v1:rmQ4EzCFGR6dUvjeLqnVRqRDzwYGxxsVJ5Mk37nXa9ZEdia9jBnvmmNr3GkZ1iNer8PJaFriYiA3Regthe7qnPy:33LZGLLvtRDx3uAfJ1CcBSC7pNFqdiCBAvwPsVkBpump:pumpswap:buy:3eJYXgygzxFcrRwNmkNXi5yeXfxkD9JrZrM2JL3xhmuh,rmQ4EzCFGR6dUvjeLqnVRqRDzwYGxxsVJ5Mk37nXa9ZEdia9jBnvmmNr3GkZ1iNer8PJaFriYiA3Regthe7qnPy,history:pumpswap,finalized,
2026-09-06T11:52:38.000Z,sell,filled,26,4,0.000002631074119666309,0.000002631074119666309,0.14082080748139603,53522.17424390001,2259,token-history-v1:371DC7FpmWkmiwS3mYk5aqreYLGJY9yeDBGJvrYDoaq2R7xcFZwpXtUU9ADHuPeyqwwLtTsv9Hb9UxPaaGror8H6:33LZGLLvtRDx3uAfJ1CcBSC7pNFqdiCBAvwPsVkBpump:pumpswap:sell:FoZhwdxM8hwM1PGXW5Nie3a8YmWoj7aEqr34rpapgQP2,371DC7FpmWkmiwS3mYk5aqreYLGJY9yeDBGJvrYDoaq2R7xcFZwpXtUU9ADHuPeyqwwLtTsv9Hb9UxPaaGror8H6,history:pumpswap,finalized,
2026-09-06T11:52:40.000Z,sell,filled,25,3,0.000003165240457459303,0.000003165240457459303,0.13684176040267654,43232.65870060236,2369,token-history-v1:128sVnpcyPrxQNTW8e7SbY8z6nGwmRyyjEntVoCXnVALM8VCmKNq8oLNSJeagKdQcobTnaugbfUtyRcf5gJX5Fn3:33LZGLLvtRDx3uAfJ1CcBSC7pNFqdiCBAvwPsVkBpump:pumpswap:sell:7v3SQxyVHf7PPhfQKRaU3xs9kmekcnEq8E9ASy9nYVRR,128sVnpcyPrxQNTW8e7SbY8z6nGwmRyyjEntVoCXnVALM8VCmKNq8oLNSJeagKdQcobTnaugbfUtyRcf5gJX5Fn3,history:pumpswap,finalized,
2026-09-06T11:52:40.000Z,sell,filled,24,1,0.000003099128575533617,0.000003099128575533617,0.12050484430860968,38883.4607444,2385,token-history-v1:5dhfURiheyxFn1q8YJMnUivJYeUZCYHQ7eYb6JdupxJpsLhE6iGpK2Lxz5GVZtYzqwAqF5vYiirWSEMwnUEy3dSa:33LZGLLvtRDx3uAfJ1CcBSC7pNFqdiCBAvwPsVkBpump:pumpswap:sell:9L3g3MTQ613HV6DKqK8xZRQ1oXZCJynkwKjzt6Tk4TAZ,5dhfURiheyxFn1q8YJMnUivJYeUZCYHQ7eYb6JdupxJpsLhE6iGpK2Lxz5GVZtYzqwAqF5vYiirWSEMwnUEy3dSa,history:pumpswap,finalized,
2026-09-06T11:52:40.000Z,sell,filled,23,2,0.000003099128575533617,0.000003099128575533617,0.12050484430860968,38883.4607444,2385,token-history-v1:5dhfURiheyxFn1q8YJMnUivJYeUZCYHQ7eYb6JdupxJpsLhE6iGpK2Lxz5GVZtYzqwAqF5vYiirWSEMwnUEy3dSa:33LZGLLvtRDx3uAfJ1CcBSC7pNFqdiCBAvwPsVkBpump:pumpswap:sell:9L3g3MTQ613HV6DKqK8xZRQ1oXZCJynkwKjzt6Tk4TAZ,5dhfURiheyxFn1q8YJMnUivJYeUZCYHQ7eYb6JdupxJpsLhE6iGpK2Lxz5GVZtYzqwAqF5vYiirWSEMwnUEy3dSa,history:pumpswap,finalized,
2026-09-06T11:52:58.000Z,buy,filled,27,1,0.000005000141134336224,0.000005000141134336224,0.1,19999.435478589778,3325,token-history-v1:4P6oaftaBuZqz5fERPDnqpMENohwkahVYNUzmnaWEVHhrFRvTrbpBjmcGQKvNkHaL7roGpEf7Tho6CmxqNkgH3Cj:33LZGLLvtRDx3uAfJ1CcBSC7pNFqdiCBAvwPsVkBpump:pumpswap:sell:5BY6BaZfzWn54x5KoYFZvB7hYrYNJdaVfDNb5bz5KAcc,4P6oaftaBuZqz5fERPDnqpMENohwkahVYNUzmnaWEVHhrFRvTrbpBjmcGQKvNkHaL7roGpEf7Tho6CmxqNkgH3Cj,history:pumpswap,finalized,
2026-09-06T11:52:59.000Z,buy,filled,28,1,0.000004320098688986024,0.000004320098688986024,0.1,23147.619348360564,3400,token-history-v1:27un2jdTp37SQ21Z5Y9BfwpbXTvDCXHjX2kMYNkCiuNCFvpwq73ZiajLYVEVTTH17NYKarMecKV3B42KD2JG3DQ4:33LZGLLvtRDx3uAfJ1CcBSC7pNFqdiCBAvwPsVkBpump:pumpswap:sell:49Fz59kWGYtg3TyN9F9FX1zYXaBtdhpjGN3gXu6PCjVm,27un2jdTp37SQ21Z5Y9BfwpbXTvDCXHjX2kMYNkCiuNCFvpwq73ZiajLYVEVTTH17NYKarMecKV3B42KD2JG3DQ4,history:pumpswap,finalized,
2026-09-06T11:52:59.000Z,buy,filled,29,4,0.0000038766641890318214,0.0000038766641890318214,0.1,25795.37332197312,3451,token-history-v1:5CMzqrQ7HmqH1XcAEvByschMQwmtiRpJ5GsZGqdjYA5Utgc6DRaMsPqnZAjLht9hk9Pb9KQ9p7neSXQ2uTXvk8tw:33LZGLLvtRDx3uAfJ1CcBSC7pNFqdiCBAvwPsVkBpump:pumpswap:sell:KHHXNt9JvJtkT3Mqdvz6KR8dXHZzsS6HeXpzW9xbn8X,5CMzqrQ7HmqH1XcAEvByschMQwmtiRpJ5GsZGqdjYA5Utgc6DRaMsPqnZAjLht9hk9Pb9KQ9p7neSXQ2uTXvk8tw,history:pumpswap,finalized,
2026-09-06T11:52:59.000Z,buy,filled,30,3,0.0000038766641890318214,0.0000038766641890318214,0.1,25795.37332197312,3451,token-history-v1:5CMzqrQ7HmqH1XcAEvByschMQwmtiRpJ5GsZGqdjYA5Utgc6DRaMsPqnZAjLht9hk9Pb9KQ9p7neSXQ2uTXvk8tw:33LZGLLvtRDx3uAfJ1CcBSC7pNFqdiCBAvwPsVkBpump:pumpswap:sell:KHHXNt9JvJtkT3Mqdvz6KR8dXHZzsS6HeXpzW9xbn8X,5CMzqrQ7HmqH1XcAEvByschMQwmtiRpJ5GsZGqdjYA5Utgc6DRaMsPqnZAjLht9hk9Pb9KQ9p7neSXQ2uTXvk8tw,history:pumpswap,finalized,
2026-09-06T11:52:59.000Z,buy,filled,31,2,0.0000038766641890318214,0.0000038766641890318214,0.1,25795.37332197312,3451,token-history-v1:5CMzqrQ7HmqH1XcAEvByschMQwmtiRpJ5GsZGqdjYA5Utgc6DRaMsPqnZAjLht9hk9Pb9KQ9p7neSXQ2uTXvk8tw:33LZGLLvtRDx3uAfJ1CcBSC7pNFqdiCBAvwPsVkBpump:pumpswap:sell:KHHXNt9JvJtkT3Mqdvz6KR8dXHZzsS6HeXpzW9xbn8X,5CMzqrQ7HmqH1XcAEvByschMQwmtiRpJ5GsZGqdjYA5Utgc6DRaMsPqnZAjLht9hk9Pb9KQ9p7neSXQ2uTXvk8tw,history:pumpswap,finalized,
2026-09-06T11:53:02.000Z,buy,filled,32,1,0.000004995883360100962,0.000004995883360100962,0.1,20016.48012814677,3617,token-history-v1:4kyvKHJvmQkFQDNhu3ASDwrWocB1zFG3yJrijA2yLFEmd2gEhTMcmhEkKmSKXTrgufTyR2gnBTxANZfCUaZ4jL9F:33LZGLLvtRDx3uAfJ1CcBSC7pNFqdiCBAvwPsVkBpump:pumpswap:buy:8a7W8nNFXUovEx3jrRnCZ3NSgrSwnRrA8tu2Ai6LzHeK,4kyvKHJvmQkFQDNhu3ASDwrWocB1zFG3yJrijA2yLFEmd2gEhTMcmhEkKmSKXTrgufTyR2gnBTxANZfCUaZ4jL9F,history:pumpswap,finalized,
2026-09-06T11:53:02.000Z,sell,filled,31,2,0.000005510662174657008,0.000005510662174657008,0.14214958804655375,25795.37332197312,3639,token-history-v1:2qdQ1rWGXKxoMHLHzaaRewXkLgEWv8bDswffWdx3jZTPnBjadfyzeA9m7DS8hhLUGeibaJUnpscvJnfv7r5sDgDH:33LZGLLvtRDx3uAfJ1CcBSC7pNFqdiCBAvwPsVkBpump:pumpswap:buy:7HiBuH7ggvPTDUr3p7be9j42UEe5qUtH7YtNfE5xtQQz,2qdQ1rWGXKxoMHLHzaaRewXkLgEWv8bDswffWdx3jZTPnBjadfyzeA9m7DS8hhLUGeibaJUnpscvJnfv7r5sDgDH,history:pumpswap,finalized,
2026-09-06T11:53:02.000Z,sell,filled,30,3,0.000005510662174657008,0.000005510662174657008,0.14214958804655375,25795.37332197312,3639,token-history-v1:2qdQ1rWGXKxoMHLHzaaRewXkLgEWv8bDswffWdx3jZTPnBjadfyzeA9m7DS8hhLUGeibaJUnpscvJnfv7r5sDgDH:33LZGLLvtRDx3uAfJ1CcBSC7pNFqdiCBAvwPsVkBpump:pumpswap:buy:7HiBuH7ggvPTDUr3p7be9j42UEe5qUtH7YtNfE5xtQQz,2qdQ1rWGXKxoMHLHzaaRewXkLgEWv8bDswffWdx3jZTPnBjadfyzeA9m7DS8hhLUGeibaJUnpscvJnfv7r5sDgDH,history:pumpswap,finalized,
2026-09-06T11:53:02.000Z,sell,filled,29,4,0.000005510662174657008,0.000005510662174657008,0.14214958804655375,25795.37332197312,3639,token-history-v1:2qdQ1rWGXKxoMHLHzaaRewXkLgEWv8bDswffWdx3jZTPnBjadfyzeA9m7DS8hhLUGeibaJUnpscvJnfv7r5sDgDH:33LZGLLvtRDx3uAfJ1CcBSC7pNFqdiCBAvwPsVkBpump:pumpswap:buy:7HiBuH7ggvPTDUr3p7be9j42UEe5qUtH7YtNfE5xtQQz,2qdQ1rWGXKxoMHLHzaaRewXkLgEWv8bDswffWdx3jZTPnBjadfyzeA9m7DS8hhLUGeibaJUnpscvJnfv7r5sDgDH,history:pumpswap,finalized,
2026-09-06T11:53:02.000Z,buy,filled,33,1,0.000004888527558810894,0.000004888527558810894,0.1,20456.057329525298,3718,token-history-v1:53AdEBmYVJqBoMySMygNWmmCFSwBXpKY6h5YKLGXKTMv8PkoqjqBmpbAhCZbWds1WoMN1QQrp936DaAbA2h8fzDj:33LZGLLvtRDx3uAfJ1CcBSC7pNFqdiCBAvwPsVkBpump:pumpswap:sell:PXCTHe5VBzVRqSs6rJz8pr1DXhJyStT2jDzxk85Th55,53AdEBmYVJqBoMySMygNWmmCFSwBXpKY6h5YKLGXKTMv8PkoqjqBmpbAhCZbWds1WoMN1QQrp936DaAbA2h8fzDj,history:pumpswap,finalized,
2026-09-06T11:53:03.000Z,sell,filled,28,1,0.000006685133255211372,0.000006685133255211372,0.15474491988469938,23147.619348360564,3764,token-history-v1:2gB8dFVYojDRnmZdRR9JCLsY1RXDt59i114JCbvvb73ooBWmVxx9t6CKD3DkUuoLcyRMs7whU864eyCrpZCUoRo2:33LZGLLvtRDx3uAfJ1CcBSC7pNFqdiCBAvwPsVkBpump:pumpswap:buy:Av3xWHJ5EsoLZag6pr7LKbrGgLRTaykXomDD5kBhL9YQ,2gB8dFVYojDRnmZdRR9JCLsY1RXDt59i114JCbvvb73ooBWmVxx9t6CKD3DkUuoLcyRMs7whU864eyCrpZCUoRo2,history:pumpswap,finalized,
2026-09-06T11:53:03.000Z,sell,filled,33,1,0.00000699381500387665,0.00000699381500387665,0.14306588067139495,20456.057329525298,3782,token-history-v1:4W1DDmXu1wcmXBxFLyb2HotE37UCJdV6hWugTmv87XzM89awnrxJNddz8Xm3PrCc5GDv1B8P3yty8knBiFwKmvpm:33LZGLLvtRDx3uAfJ1CcBSC7pNFqdiCBAvwPsVkBpump:pumpswap:buy:D17fxY1v2Syfa5o2vyhDKZMb7ssUukfhSJYgpcBCMpyX,4W1DDmXu1wcmXBxFLyb2HotE37UCJdV6hWugTmv87XzM89awnrxJNddz8Xm3PrCc5GDv1B8P3yty8knBiFwKmvpm,history:pumpswap,finalized,
2026-09-06T11:53:03.000Z,buy,filled,34,1,0.000006553478898282714,0.000006553478898282714,0.1,15259.071029618208,3785,token-history-v1:5bNEVmsxzjM67GYNnyr91XrCCSddR7jfoXDiKYFMB7VtU6E7nQ3iXBCf5faG4obgBewDE3oh7qgnnoecJLoJLmND:33LZGLLvtRDx3uAfJ1CcBSC7pNFqdiCBAvwPsVkBpump:pumpswap:buy:8dwubKnL4FmmZsFt9cobpneFWH5azwRqDvciT2vsuQxS,5bNEVmsxzjM67GYNnyr91XrCCSddR7jfoXDiKYFMB7VtU6E7nQ3iXBCf5faG4obgBewDE3oh7qgnnoecJLoJLmND,history:pumpswap,finalized,
2026-09-06T11:53:04.000Z,sell,filled,32,1,0.000006609649087985473,0.000006609649087985473,0.13230190962368463,20016.48012814677,3798,token-history-v1:29TWsQyWRBjVJYt9vuzphwyANw8AUPpXDYTBtwDmAYYJ7Bo1oWnTte4FXWfnzBsUEXkrKyAZjAokfqBTdSqjYrsS:33LZGLLvtRDx3uAfJ1CcBSC7pNFqdiCBAvwPsVkBpump:pumpswap:buy:EFztzmY9NsGjF5eeriEZJiG38fSoLiCqtnGxTDikyTak,29TWsQyWRBjVJYt9vuzphwyANw8AUPpXDYTBtwDmAYYJ7Bo1oWnTte4FXWfnzBsUEXkrKyAZjAokfqBTdSqjYrsS,history:pumpswap,finalized,
2026-09-06T11:53:04.000Z,sell,filled,27,1,0.000006609649087985473,0.000006609649087985473,0.13218925047128524,19999.435478589778,3798,token-history-v1:29TWsQyWRBjVJYt9vuzphwyANw8AUPpXDYTBtwDmAYYJ7Bo1oWnTte4FXWfnzBsUEXkrKyAZjAokfqBTdSqjYrsS:33LZGLLvtRDx3uAfJ1CcBSC7pNFqdiCBAvwPsVkBpump:pumpswap:buy:EFztzmY9NsGjF5eeriEZJiG38fSoLiCqtnGxTDikyTak,29TWsQyWRBjVJYt9vuzphwyANw8AUPpXDYTBtwDmAYYJ7Bo1oWnTte4FXWfnzBsUEXkrKyAZjAokfqBTdSqjYrsS,history:pumpswap,finalized,
2026-09-06T11:53:04.000Z,buy,filled,35,1,0.000005780565329284699,0.000005780565329284699,0.1,17299.346050704396,3855,token-history-v1:234XoitALHeH5cyT5wJJ5qaPtsatiCYbxerUKD4MLKarM6WPQqKSRdQanNZyvJTBK5PYgp4JKMoYiW1f7WLJNz3Y:33LZGLLvtRDx3uAfJ1CcBSC7pNFqdiCBAvwPsVkBpump:pumpswap:sell:HWthFtWe7u8gD2kSw7natMUL42iCh8sFVr8RPQGsmk4X,234XoitALHeH5cyT5wJJ5qaPtsatiCYbxerUKD4MLKarM6WPQqKSRdQanNZyvJTBK5PYgp4JKMoYiW1f7WLJNz3Y,history:pumpswap,finalized,
2026-09-06T11:53:04.000Z,buy,filled,36,4,0.000006039696007402257,0.000006039696007402257,0.1,16557.124709164156,3860,token-history-v1:2huvtnzdKJX2vGLyZYDx4VJ42XcDDqzxouavXSWjPekMsz1xCb2Gb4Z8139DkjhsqjosPkq2Q3Dk2pJy1XGp3sJ3:33LZGLLvtRDx3uAfJ1CcBSC7pNFqdiCBAvwPsVkBpump:pumpswap:sell:3KK1aoeiZCXqPZLt2AYeinrbz4n31DeTL58fkHFNzvYp,2huvtnzdKJX2vGLyZYDx4VJ42XcDDqzxouavXSWjPekMsz1xCb2Gb4Z8139DkjhsqjosPkq2Q3Dk2pJy1XGp3sJ3,history:pumpswap,finalized,
2026-09-06T11:53:04.000Z,buy,filled,37,3,0.000006039696007402257,0.000006039696007402257,0.1,16557.124709164156,3860,token-history-v1:2huvtnzdKJX2vGLyZYDx4VJ42XcDDqzxouavXSWjPekMsz1xCb2Gb4Z8139DkjhsqjosPkq2Q3Dk2pJy1XGp3sJ3:33LZGLLvtRDx3uAfJ1CcBSC7pNFqdiCBAvwPsVkBpump:pumpswap:sell:3KK1aoeiZCXqPZLt2AYeinrbz4n31DeTL58fkHFNzvYp,2huvtnzdKJX2vGLyZYDx4VJ42XcDDqzxouavXSWjPekMsz1xCb2Gb4Z8139DkjhsqjosPkq2Q3Dk2pJy1XGp3sJ3,history:pumpswap,finalized,
2026-09-06T11:53:04.000Z,buy,filled,38,2,0.000006039696007402257,0.000006039696007402257,0.1,16557.124709164156,3860,token-history-v1:2huvtnzdKJX2vGLyZYDx4VJ42XcDDqzxouavXSWjPekMsz1xCb2Gb4Z8139DkjhsqjosPkq2Q3Dk2pJy1XGp3sJ3:33LZGLLvtRDx3uAfJ1CcBSC7pNFqdiCBAvwPsVkBpump:pumpswap:sell:3KK1aoeiZCXqPZLt2AYeinrbz4n31DeTL58fkHFNzvYp,2huvtnzdKJX2vGLyZYDx4VJ42XcDDqzxouavXSWjPekMsz1xCb2Gb4Z8139DkjhsqjosPkq2Q3Dk2pJy1XGp3sJ3,history:pumpswap,finalized,
2026-09-06T11:53:21.000Z,buy,filled,39,1,0.000006314787831523975,0.000006314787831523975,0.1,15835.844792883021,5085,token-history-v1:3Z8cKMwJaAmKKm23LrFn6AviADA45VvoKZiqVALydyxSuic1LPvBmmAb3cdQnTDG7tvEGYoBhZdGahzTy1yvuJK:33LZGLLvtRDx3uAfJ1CcBSC7pNFqdiCBAvwPsVkBpump:pumpswap:buy:2iRAcwuoZc2vVEuTSNGxueRi8dPS93A3xaSSczmouWh9,3Z8cKMwJaAmKKm23LrFn6AviADA45VvoKZiqVALydyxSuic1LPvBmmAb3cdQnTDG7tvEGYoBhZdGahzTy1yvuJK,history:pumpswap,finalized,
2026-09-06T11:53:27.000Z,buy,filled,40,4,0.000005274166509523964,0.000005274166509523964,0.1,18960.341851062607,5441,token-history-v1:4f2m71eTZ2d3ewDrY15TBuKnenL7y24fatV679bo6CcFNa4ABFAC6PLjmHcfuKou1ZYdSJ6fPW3wsYm7fp8T8GK6:33LZGLLvtRDx3uAfJ1CcBSC7pNFqdiCBAvwPsVkBpump:pumpswap:sell:4kPDHN5NPGPJn17Txk1K6HH2rhyqm1XKf18PFVXPbyf4,4f2m71eTZ2d3ewDrY15TBuKnenL7y24fatV679bo6CcFNa4ABFAC6PLjmHcfuKou1ZYdSJ6fPW3wsYm7fp8T8GK6,history:pumpswap,finalized,
2026-09-06T11:53:27.000Z,buy,filled,41,3,0.000005274166509523964,0.000005274166509523964,0.1,18960.341851062607,5441,token-history-v1:4f2m71eTZ2d3ewDrY15TBuKnenL7y24fatV679bo6CcFNa4ABFAC6PLjmHcfuKou1ZYdSJ6fPW3wsYm7fp8T8GK6:33LZGLLvtRDx3uAfJ1CcBSC7pNFqdiCBAvwPsVkBpump:pumpswap:sell:4kPDHN5NPGPJn17Txk1K6HH2rhyqm1XKf18PFVXPbyf4,4f2m71eTZ2d3ewDrY15TBuKnenL7y24fatV679bo6CcFNa4ABFAC6PLjmHcfuKou1ZYdSJ6fPW3wsYm7fp8T8GK6,history:pumpswap,finalized,
2026-09-06T11:53:27.000Z,buy,filled,42,2,0.000005274166509523964,0.000005274166509523964,0.1,18960.341851062607,5441,token-history-v1:4f2m71eTZ2d3ewDrY15TBuKnenL7y24fatV679bo6CcFNa4ABFAC6PLjmHcfuKou1ZYdSJ6fPW3wsYm7fp8T8GK6:33LZGLLvtRDx3uAfJ1CcBSC7pNFqdiCBAvwPsVkBpump:pumpswap:sell:4kPDHN5NPGPJn17Txk1K6HH2rhyqm1XKf18PFVXPbyf4,4f2m71eTZ2d3ewDrY15TBuKnenL7y24fatV679bo6CcFNa4ABFAC6PLjmHcfuKou1ZYdSJ6fPW3wsYm7fp8T8GK6,history:pumpswap,finalized,
2026-09-06T11:53:30.000Z,sell,filled,42,2,0.000006019489703940439,0.000006019489703940439,0.11413158255566236,18960.341851062607,5591,token-history-v1:4LEnztC655nocDCe9Qmu56hBW89AzoWEYQqiGe4P4g2j2TmcL5SXksfDXetKhewtSRPhwLjApRYtsm1TUeAQ4Mga:33LZGLLvtRDx3uAfJ1CcBSC7pNFqdiCBAvwPsVkBpump:pumpswap:buy:9es5MsLsLtwzmZiKY3SGDBE74EmZKM9vdv3ZSiAun35J,4LEnztC655nocDCe9Qmu56hBW89AzoWEYQqiGe4P4g2j2TmcL5SXksfDXetKhewtSRPhwLjApRYtsm1TUeAQ4Mga,history:pumpswap,finalized,
2026-09-06T11:53:30.000Z,sell,filled,41,3,0.000006019489703940439,0.000006019489703940439,0.11413158255566236,18960.341851062607,5591,token-history-v1:4LEnztC655nocDCe9Qmu56hBW89AzoWEYQqiGe4P4g2j2TmcL5SXksfDXetKhewtSRPhwLjApRYtsm1TUeAQ4Mga:33LZGLLvtRDx3uAfJ1CcBSC7pNFqdiCBAvwPsVkBpump:pumpswap:buy:9es5MsLsLtwzmZiKY3SGDBE74EmZKM9vdv3ZSiAun35J,4LEnztC655nocDCe9Qmu56hBW89AzoWEYQqiGe4P4g2j2TmcL5SXksfDXetKhewtSRPhwLjApRYtsm1TUeAQ4Mga,history:pumpswap,finalized,
2026-09-06T11:53:30.000Z,sell,filled,40,4,0.000006019489703940439,0.000006019489703940439,0.11413158255566236,18960.341851062607,5591,token-history-v1:4LEnztC655nocDCe9Qmu56hBW89AzoWEYQqiGe4P4g2j2TmcL5SXksfDXetKhewtSRPhwLjApRYtsm1TUeAQ4Mga:33LZGLLvtRDx3uAfJ1CcBSC7pNFqdiCBAvwPsVkBpump:pumpswap:buy:9es5MsLsLtwzmZiKY3SGDBE74EmZKM9vdv3ZSiAun35J,4LEnztC655nocDCe9Qmu56hBW89AzoWEYQqiGe4P4g2j2TmcL5SXksfDXetKhewtSRPhwLjApRYtsm1TUeAQ4Mga,history:pumpswap,finalized,
2026-09-06T11:53:30.000Z,sell,filled,35,1,0.000006019489703940439,0.000006019489703940439,0.1041332354371178,17299.346050704396,5591,token-history-v1:4LEnztC655nocDCe9Qmu56hBW89AzoWEYQqiGe4P4g2j2TmcL5SXksfDXetKhewtSRPhwLjApRYtsm1TUeAQ4Mga:33LZGLLvtRDx3uAfJ1CcBSC7pNFqdiCBAvwPsVkBpump:pumpswap:buy:9es5MsLsLtwzmZiKY3SGDBE74EmZKM9vdv3ZSiAun35J,4LEnztC655nocDCe9Qmu56hBW89AzoWEYQqiGe4P4g2j2TmcL5SXksfDXetKhewtSRPhwLjApRYtsm1TUeAQ4Mga,history:pumpswap,finalized,
2026-09-06T11:53:30.000Z,buy,filled,43,1,0.000006002987550034352,0.000006002987550034352,0.1,16658.372046669956,5592,token-history-v1:4mKVjtq4Rfa4Y6CQ6rJ2q7xVNzRnaokozMBvrvcJ2VCFbSB8kHM3bdFitNy1fpTLsrUEF8eruUB6swVQv27MLnEG:33LZGLLvtRDx3uAfJ1CcBSC7pNFqdiCBAvwPsVkBpump:pumpswap:buy:2tgUbS9UMoQD6GkDZBiqKYCURnGrSb6ocYwRABrSJUvY,4mKVjtq4Rfa4Y6CQ6rJ2q7xVNzRnaokozMBvrvcJ2VCFbSB8kHM3bdFitNy1fpTLsrUEF8eruUB6swVQv27MLnEG,history:pumpswap,finalized,
2026-09-06T11:53:32.000Z,sell,filled,43,1,0.000005336562779279093,0.000005336562779279093,0.08889844822764217,16658.372046669956,5695,token-history-v1:5CZNCMMsHQfCDe34oVZeuX7QWvXgPbgpctVV2JAoGSzJBZ9g77beQojBx5Vm5Ui9wQfxQCmB9bsY8FQq3c7Tb8MK:33LZGLLvtRDx3uAfJ1CcBSC7pNFqdiCBAvwPsVkBpump:pumpswap:sell:9ixFb6NSTzkYY3u1vC8WAVpMC8BxzWtibufPsq1bH29u,5CZNCMMsHQfCDe34oVZeuX7QWvXgPbgpctVV2JAoGSzJBZ9g77beQojBx5Vm5Ui9wQfxQCmB9bsY8FQq3c7Tb8MK,history:pumpswap,finalized,
2026-09-06T11:53:32.000Z,sell,filled,39,1,0.000005336562779279093,0.000005336562779279093,0.08450897990014017,15835.844792883021,5695,token-history-v1:5CZNCMMsHQfCDe34oVZeuX7QWvXgPbgpctVV2JAoGSzJBZ9g77beQojBx5Vm5Ui9wQfxQCmB9bsY8FQq3c7Tb8MK:33LZGLLvtRDx3uAfJ1CcBSC7pNFqdiCBAvwPsVkBpump:pumpswap:sell:9ixFb6NSTzkYY3u1vC8WAVpMC8BxzWtibufPsq1bH29u,5CZNCMMsHQfCDe34oVZeuX7QWvXgPbgpctVV2JAoGSzJBZ9g77beQojBx5Vm5Ui9wQfxQCmB9bsY8FQq3c7Tb8MK,history:pumpswap,finalized,
2026-09-06T11:53:32.000Z,sell,filled,38,2,0.000005336562779279093,0.000005336562779279093,0.08835813545480761,16557.124709164156,5695,token-history-v1:5CZNCMMsHQfCDe34oVZeuX7QWvXgPbgpctVV2JAoGSzJBZ9g77beQojBx5Vm5Ui9wQfxQCmB9bsY8FQq3c7Tb8MK:33LZGLLvtRDx3uAfJ1CcBSC7pNFqdiCBAvwPsVkBpump:pumpswap:sell:9ixFb6NSTzkYY3u1vC8WAVpMC8BxzWtibufPsq1bH29u,5CZNCMMsHQfCDe34oVZeuX7QWvXgPbgpctVV2JAoGSzJBZ9g77beQojBx5Vm5Ui9wQfxQCmB9bsY8FQq3c7Tb8MK,history:pumpswap,finalized,
2026-09-06T11:53:32.000Z,sell,filled,37,3,0.000005336562779279093,0.000005336562779279093,0.08835813545480761,16557.124709164156,5695,token-history-v1:5CZNCMMsHQfCDe34oVZeuX7QWvXgPbgpctVV2JAoGSzJBZ9g77beQojBx5Vm5Ui9wQfxQCmB9bsY8FQq3c7Tb8MK:33LZGLLvtRDx3uAfJ1CcBSC7pNFqdiCBAvwPsVkBpump:pumpswap:sell:9ixFb6NSTzkYY3u1vC8WAVpMC8BxzWtibufPsq1bH29u,5CZNCMMsHQfCDe34oVZeuX7QWvXgPbgpctVV2JAoGSzJBZ9g77beQojBx5Vm5Ui9wQfxQCmB9bsY8FQq3c7Tb8MK,history:pumpswap,finalized,
2026-09-06T11:53:32.000Z,sell,filled,36,4,0.000005336562779279093,0.000005336562779279093,0.08835813545480761,16557.124709164156,5695,token-history-v1:5CZNCMMsHQfCDe34oVZeuX7QWvXgPbgpctVV2JAoGSzJBZ9g77beQojBx5Vm5Ui9wQfxQCmB9bsY8FQq3c7Tb8MK:33LZGLLvtRDx3uAfJ1CcBSC7pNFqdiCBAvwPsVkBpump:pumpswap:sell:9ixFb6NSTzkYY3u1vC8WAVpMC8BxzWtibufPsq1bH29u,5CZNCMMsHQfCDe34oVZeuX7QWvXgPbgpctVV2JAoGSzJBZ9g77beQojBx5Vm5Ui9wQfxQCmB9bsY8FQq3c7Tb8MK,history:pumpswap,finalized,
2026-09-06T11:53:32.000Z,sell,filled,34,1,0.000005336562779279093,0.000005336562779279093,0.08143099050303643,15259.071029618208,5695,token-history-v1:5CZNCMMsHQfCDe34oVZeuX7QWvXgPbgpctVV2JAoGSzJBZ9g77beQojBx5Vm5Ui9wQfxQCmB9bsY8FQq3c7Tb8MK:33LZGLLvtRDx3uAfJ1CcBSC7pNFqdiCBAvwPsVkBpump:pumpswap:sell:9ixFb6NSTzkYY3u1vC8WAVpMC8BxzWtibufPsq1bH29u,5CZNCMMsHQfCDe34oVZeuX7QWvXgPbgpctVV2JAoGSzJBZ9g77beQojBx5Vm5Ui9wQfxQCmB9bsY8FQq3c7Tb8MK,history:pumpswap,finalized,
2026-09-06T11:53:32.000Z,buy,filled,44,4,0.000005253744122308104,0.000005253744122308104,0.1,19034.04461123003,5696,token-history-v1:61NGLWgVG1EehE8WsGiwSQFXzJvb6Cb6WfT7Uiqn4EiKEBAFBaE7fzkZaQjsqU18m7S7mtsYWbwnnBciLm7NFG1n:33LZGLLvtRDx3uAfJ1CcBSC7pNFqdiCBAvwPsVkBpump:pumpswap:sell:CKadKn6eQka9NaUQXbBNy37PfvELFa5jKzuPC351HEs7,61NGLWgVG1EehE8WsGiwSQFXzJvb6Cb6WfT7Uiqn4EiKEBAFBaE7fzkZaQjsqU18m7S7mtsYWbwnnBciLm7NFG1n,history:pumpswap,finalized,
2026-09-06T11:53:32.000Z,buy,filled,45,3,0.000005253744122308104,0.000005253744122308104,0.1,19034.04461123003,5696,token-history-v1:61NGLWgVG1EehE8WsGiwSQFXzJvb6Cb6WfT7Uiqn4EiKEBAFBaE7fzkZaQjsqU18m7S7mtsYWbwnnBciLm7NFG1n:33LZGLLvtRDx3uAfJ1CcBSC7pNFqdiCBAvwPsVkBpump:pumpswap:sell:CKadKn6eQka9NaUQXbBNy37PfvELFa5jKzuPC351HEs7,61NGLWgVG1EehE8WsGiwSQFXzJvb6Cb6WfT7Uiqn4EiKEBAFBaE7fzkZaQjsqU18m7S7mtsYWbwnnBciLm7NFG1n,history:pumpswap,finalized,
2026-09-06T11:53:32.000Z,buy,filled,46,2,0.000005253744122308104,0.000005253744122308104,0.1,19034.04461123003,5696,token-history-v1:61NGLWgVG1EehE8WsGiwSQFXzJvb6Cb6WfT7Uiqn4EiKEBAFBaE7fzkZaQjsqU18m7S7mtsYWbwnnBciLm7NFG1n:33LZGLLvtRDx3uAfJ1CcBSC7pNFqdiCBAvwPsVkBpump:pumpswap:sell:CKadKn6eQka9NaUQXbBNy37PfvELFa5jKzuPC351HEs7,61NGLWgVG1EehE8WsGiwSQFXzJvb6Cb6WfT7Uiqn4EiKEBAFBaE7fzkZaQjsqU18m7S7mtsYWbwnnBciLm7NFG1n,history:pumpswap,finalized,
2026-09-06T11:53:32.000Z,buy,filled,47,1,0.000005253744122308104,0.000005253744122308104,0.1,19034.04461123003,5696,token-history-v1:61NGLWgVG1EehE8WsGiwSQFXzJvb6Cb6WfT7Uiqn4EiKEBAFBaE7fzkZaQjsqU18m7S7mtsYWbwnnBciLm7NFG1n:33LZGLLvtRDx3uAfJ1CcBSC7pNFqdiCBAvwPsVkBpump:pumpswap:sell:CKadKn6eQka9NaUQXbBNy37PfvELFa5jKzuPC351HEs7,61NGLWgVG1EehE8WsGiwSQFXzJvb6Cb6WfT7Uiqn4EiKEBAFBaE7fzkZaQjsqU18m7S7mtsYWbwnnBciLm7NFG1n,history:pumpswap,finalized,
2026-09-06T11:53:38.000Z,sell,filled,47,1,0.000004940161998811,0.000004940161998811,0.09403126387207189,19034.04461123003,5979,token-history-v1:2uyLaoxZvoMCusTr3qJ2CVyQ6tzPt7GAEbZbcHwPPcGr34WdggJ4uHzJ2rHiwkPqn3bHKf6z7XhZf9WHVdDdzoXN:33LZGLLvtRDx3uAfJ1CcBSC7pNFqdiCBAvwPsVkBpump:pumpswap:sell:3pbGjAEg5TrN1ZgPKix6h1Exgrwc5E4uDxGnmzzsw4RU,2uyLaoxZvoMCusTr3qJ2CVyQ6tzPt7GAEbZbcHwPPcGr34WdggJ4uHzJ2rHiwkPqn3bHKf6z7XhZf9WHVdDdzoXN,history:pumpswap,finalized,
2026-09-06T11:53:38.000Z,sell,filled,46,2,0.000004940161998811,0.000004940161998811,0.09403126387207189,19034.04461123003,5979,token-history-v1:2uyLaoxZvoMCusTr3qJ2CVyQ6tzPt7GAEbZbcHwPPcGr34WdggJ4uHzJ2rHiwkPqn3bHKf6z7XhZf9WHVdDdzoXN:33LZGLLvtRDx3uAfJ1CcBSC7pNFqdiCBAvwPsVkBpump:pumpswap:sell:3pbGjAEg5TrN1ZgPKix6h1Exgrwc5E4uDxGnmzzsw4RU,2uyLaoxZvoMCusTr3qJ2CVyQ6tzPt7GAEbZbcHwPPcGr34WdggJ4uHzJ2rHiwkPqn3bHKf6z7XhZf9WHVdDdzoXN,history:pumpswap,finalized,
2026-09-06T11:53:38.000Z,sell,filled,45,3,0.000004940161998811,0.000004940161998811,0.09403126387207189,19034.04461123003,5979,token-history-v1:2uyLaoxZvoMCusTr3qJ2CVyQ6tzPt7GAEbZbcHwPPcGr34WdggJ4uHzJ2rHiwkPqn3bHKf6z7XhZf9WHVdDdzoXN:33LZGLLvtRDx3uAfJ1CcBSC7pNFqdiCBAvwPsVkBpump:pumpswap:sell:3pbGjAEg5TrN1ZgPKix6h1Exgrwc5E4uDxGnmzzsw4RU,2uyLaoxZvoMCusTr3qJ2CVyQ6tzPt7GAEbZbcHwPPcGr34WdggJ4uHzJ2rHiwkPqn3bHKf6z7XhZf9WHVdDdzoXN,history:pumpswap,finalized,
2026-09-06T11:53:38.000Z,sell,filled,44,4,0.000004940161998811,0.000004940161998811,0.09403126387207189,19034.04461123003,5979,token-history-v1:2uyLaoxZvoMCusTr3qJ2CVyQ6tzPt7GAEbZbcHwPPcGr34WdggJ4uHzJ2rHiwkPqn3bHKf6z7XhZf9WHVdDdzoXN:33LZGLLvtRDx3uAfJ1CcBSC7pNFqdiCBAvwPsVkBpump:pumpswap:sell:3pbGjAEg5TrN1ZgPKix6h1Exgrwc5E4uDxGnmzzsw4RU,2uyLaoxZvoMCusTr3qJ2CVyQ6tzPt7GAEbZbcHwPPcGr34WdggJ4uHzJ2rHiwkPqn3bHKf6z7XhZf9WHVdDdzoXN,history:pumpswap,finalized,
2026-09-06T11:54:42.000Z,buy,filled,48,4,0.000006071417646391344,0.000006071417646391344,0.1,16470.617872818682,8482,token-history-v1:1wmgbx3Qpgt1XpEU3vV8RL9eafJYqRbQEeHKnzdMCtWm6NbRhNz4gANg9qAzG2wout6o9vns1RSTf5uAUjnq2zp:33LZGLLvtRDx3uAfJ1CcBSC7pNFqdiCBAvwPsVkBpump:pumpswap:sell:AFnQ25GGbyRXpcbN175reWWybvgFQuhewXmAyk1NtL9a,1wmgbx3Qpgt1XpEU3vV8RL9eafJYqRbQEeHKnzdMCtWm6NbRhNz4gANg9qAzG2wout6o9vns1RSTf5uAUjnq2zp,history:pumpswap,finalized,
2026-09-06T11:54:42.000Z,buy,filled,49,3,0.000006071417646391344,0.000006071417646391344,0.1,16470.617872818682,8482,token-history-v1:1wmgbx3Qpgt1XpEU3vV8RL9eafJYqRbQEeHKnzdMCtWm6NbRhNz4gANg9qAzG2wout6o9vns1RSTf5uAUjnq2zp:33LZGLLvtRDx3uAfJ1CcBSC7pNFqdiCBAvwPsVkBpump:pumpswap:sell:AFnQ25GGbyRXpcbN175reWWybvgFQuhewXmAyk1NtL9a,1wmgbx3Qpgt1XpEU3vV8RL9eafJYqRbQEeHKnzdMCtWm6NbRhNz4gANg9qAzG2wout6o9vns1RSTf5uAUjnq2zp,history:pumpswap,finalized,
2026-09-06T11:54:42.000Z,buy,filled,50,2,0.000006071417646391344,0.000006071417646391344,0.1,16470.617872818682,8482,token-history-v1:1wmgbx3Qpgt1XpEU3vV8RL9eafJYqRbQEeHKnzdMCtWm6NbRhNz4gANg9qAzG2wout6o9vns1RSTf5uAUjnq2zp:33LZGLLvtRDx3uAfJ1CcBSC7pNFqdiCBAvwPsVkBpump:pumpswap:sell:AFnQ25GGbyRXpcbN175reWWybvgFQuhewXmAyk1NtL9a,1wmgbx3Qpgt1XpEU3vV8RL9eafJYqRbQEeHKnzdMCtWm6NbRhNz4gANg9qAzG2wout6o9vns1RSTf5uAUjnq2zp,history:pumpswap,finalized,
2026-09-06T11:54:42.000Z,buy,filled,51,1,0.000006071417646391344,0.000006071417646391344,0.1,16470.617872818682,8482,token-history-v1:1wmgbx3Qpgt1XpEU3vV8RL9eafJYqRbQEeHKnzdMCtWm6NbRhNz4gANg9qAzG2wout6o9vns1RSTf5uAUjnq2zp:33LZGLLvtRDx3uAfJ1CcBSC7pNFqdiCBAvwPsVkBpump:pumpswap:sell:AFnQ25GGbyRXpcbN175reWWybvgFQuhewXmAyk1NtL9a,1wmgbx3Qpgt1XpEU3vV8RL9eafJYqRbQEeHKnzdMCtWm6NbRhNz4gANg9qAzG2wout6o9vns1RSTf5uAUjnq2zp,history:pumpswap,finalized,
2026-09-06T11:54:55.000Z,sell,filled,51,1,0.000005600426483677585,0.000005600426483677585,0.09224248453746713,16470.617872818682,8895,token-history-v1:3sTmhVRLwz7es86ikdJKyauTiimxKVr7BKhW3JDQQp25VaCnJHzQMaoUF4kVKSpbquH4Xy1gX35xtWMGjAKhBLX8:33LZGLLvtRDx3uAfJ1CcBSC7pNFqdiCBAvwPsVkBpump:pumpswap:buy:83vSS4qBg4cbfaksmk3rXpWYLd3qE6kVNrL7XBXjZJMd,3sTmhVRLwz7es86ikdJKyauTiimxKVr7BKhW3JDQQp25VaCnJHzQMaoUF4kVKSpbquH4Xy1gX35xtWMGjAKhBLX8,history:pumpswap,finalized,
2026-09-06T11:54:55.000Z,sell,filled,50,2,0.000005600426483677585,0.000005600426483677585,0.09224248453746713,16470.617872818682,8895,token-history-v1:3sTmhVRLwz7es86ikdJKyauTiimxKVr7BKhW3JDQQp25VaCnJHzQMaoUF4kVKSpbquH4Xy1gX35xtWMGjAKhBLX8:33LZGLLvtRDx3uAfJ1CcBSC7pNFqdiCBAvwPsVkBpump:pumpswap:buy:83vSS4qBg4cbfaksmk3rXpWYLd3qE6kVNrL7XBXjZJMd,3sTmhVRLwz7es86ikdJKyauTiimxKVr7BKhW3JDQQp25VaCnJHzQMaoUF4kVKSpbquH4Xy1gX35xtWMGjAKhBLX8,history:pumpswap,finalized,
2026-09-06T11:54:55.000Z,sell,filled,49,3,0.000005600426483677585,0.000005600426483677585,0.09224248453746713,16470.617872818682,8895,token-history-v1:3sTmhVRLwz7es86ikdJKyauTiimxKVr7BKhW3JDQQp25VaCnJHzQMaoUF4kVKSpbquH4Xy1gX35xtWMGjAKhBLX8:33LZGLLvtRDx3uAfJ1CcBSC7pNFqdiCBAvwPsVkBpump:pumpswap:buy:83vSS4qBg4cbfaksmk3rXpWYLd3qE6kVNrL7XBXjZJMd,3sTmhVRLwz7es86ikdJKyauTiimxKVr7BKhW3JDQQp25VaCnJHzQMaoUF4kVKSpbquH4Xy1gX35xtWMGjAKhBLX8,history:pumpswap,finalized,
2026-09-06T11:54:55.000Z,sell,filled,48,4,0.000005600426483677585,0.000005600426483677585,0.09224248453746713,16470.617872818682,8895,token-history-v1:3sTmhVRLwz7es86ikdJKyauTiimxKVr7BKhW3JDQQp25VaCnJHzQMaoUF4kVKSpbquH4Xy1gX35xtWMGjAKhBLX8:33LZGLLvtRDx3uAfJ1CcBSC7pNFqdiCBAvwPsVkBpump:pumpswap:buy:83vSS4qBg4cbfaksmk3rXpWYLd3qE6kVNrL7XBXjZJMd,3sTmhVRLwz7es86ikdJKyauTiimxKVr7BKhW3JDQQp25VaCnJHzQMaoUF4kVKSpbquH4Xy1gX35xtWMGjAKhBLX8,history:pumpswap,finalized,
2026-09-06T12:05:24.000Z,buy,filled,52,4,0.000006680487639563197,0.000006680487639563197,0.1,14968.967146616635,21065,token-history-v1:dy2fJELsKd2o2b737KpUESZtaH4K8fukG5qrUEyfF88WwFKFJDacAsLDu8C5F2L1qzzcAeEkwLzjAGh7fKfSTrz:33LZGLLvtRDx3uAfJ1CcBSC7pNFqdiCBAvwPsVkBpump:pumpswap:sell:5iukuhrUqjkepdPiVZYy5XeqtPFSLyc9JhcZqtcGivSe,dy2fJELsKd2o2b737KpUESZtaH4K8fukG5qrUEyfF88WwFKFJDacAsLDu8C5F2L1qzzcAeEkwLzjAGh7fKfSTrz,history:pumpswap,finalized,
2026-09-06T12:05:24.000Z,buy,filled,53,3,0.000006680487639563197,0.000006680487639563197,0.1,14968.967146616635,21065,token-history-v1:dy2fJELsKd2o2b737KpUESZtaH4K8fukG5qrUEyfF88WwFKFJDacAsLDu8C5F2L1qzzcAeEkwLzjAGh7fKfSTrz:33LZGLLvtRDx3uAfJ1CcBSC7pNFqdiCBAvwPsVkBpump:pumpswap:sell:5iukuhrUqjkepdPiVZYy5XeqtPFSLyc9JhcZqtcGivSe,dy2fJELsKd2o2b737KpUESZtaH4K8fukG5qrUEyfF88WwFKFJDacAsLDu8C5F2L1qzzcAeEkwLzjAGh7fKfSTrz,history:pumpswap,finalized,
2026-09-06T12:05:24.000Z,buy,filled,54,2,0.000006680487639563197,0.000006680487639563197,0.1,14968.967146616635,21065,token-history-v1:dy2fJELsKd2o2b737KpUESZtaH4K8fukG5qrUEyfF88WwFKFJDacAsLDu8C5F2L1qzzcAeEkwLzjAGh7fKfSTrz:33LZGLLvtRDx3uAfJ1CcBSC7pNFqdiCBAvwPsVkBpump:pumpswap:sell:5iukuhrUqjkepdPiVZYy5XeqtPFSLyc9JhcZqtcGivSe,dy2fJELsKd2o2b737KpUESZtaH4K8fukG5qrUEyfF88WwFKFJDacAsLDu8C5F2L1qzzcAeEkwLzjAGh7fKfSTrz,history:pumpswap,finalized,
2026-09-06T12:05:24.000Z,buy,filled,55,1,0.000006680487639563197,0.000006680487639563197,0.1,14968.967146616635,21065,token-history-v1:dy2fJELsKd2o2b737KpUESZtaH4K8fukG5qrUEyfF88WwFKFJDacAsLDu8C5F2L1qzzcAeEkwLzjAGh7fKfSTrz:33LZGLLvtRDx3uAfJ1CcBSC7pNFqdiCBAvwPsVkBpump:pumpswap:sell:5iukuhrUqjkepdPiVZYy5XeqtPFSLyc9JhcZqtcGivSe,dy2fJELsKd2o2b737KpUESZtaH4K8fukG5qrUEyfF88WwFKFJDacAsLDu8C5F2L1qzzcAeEkwLzjAGh7fKfSTrz,history:pumpswap,finalized,
